"session";"name";"interval.H1";"interval.H2";"interval.H3";"interval.M1";"interval.M2";"interval.M3";"interval.L1";"interval.L2";"interval.L3";"interval.std.H1";"interval.std.H2";"interval.std.H3";"interval.std.M1";"interval.std.M2";"interval.std.M3";"interval.std.L1";"interval.std.L2";"interval.std.L3";"duration.H1";"duration.H2";"duration.H3";"duration.M1";"duration.M2";"duration.M3";"duration.L1";"duration.L2";"duration.L3";"duration.std.H1";"duration.std.H2";"duration.std.H3";"duration.std.M1";"duration.std.M2";"duration.std.M3";"duration.std.L1";"duration.std.L2";"duration.std.L3";"speed.H1";"speed.H2";"speed.H3";"speed.M1";"speed.M2";"speed.M3";"speed.L1";"speed.L2";"speed.L3";"speed.cor.H1";"speed.cor.H2";"speed.cor.H3";"speed.cor.M1";"speed.cor.M2";"speed.cor.M3";"speed.cor.L1";"speed.cor.L2";"speed.cor.L3";"save.ratio.E1";"save.ratio.E2";"save.ratio.E3";"save.ratio.H1";"save.ratio.H2";"save.ratio.H3";"save.ratio.M1";"save.ratio.M2";"save.ratio.M3";"save.ratio.L1";"save.ratio.L2";"save.ratio.L3";"seq.exploded";"seq.saved";"seq.exploded.E1";"seq.saved.E1";"seq.exploded.E2";"seq.saved.E2";"seq.exploded.E3";"seq.saved.E3"
"1541094228907";"Иванов, И.И.,муж,25";243.153846153846;316.423076923077;281.121951219512;192.780303030303;350.350877192982;206.47972972973;177.01724137931;198.361359570662;179.328431372549;-3.87699576858534e-17;5.4097518398671e-17;-1.67654677403856e-18;1.17126689239722e-18;-9.83247733354508e-18;-6.11801367121896e-17;-4.8184063101225e-17;-1.11671853996622e-17;-1.38249063783231e-16;85.3846153846154;64.1666666666667;56.8536585365854;98.3181818181818;66.4385964912281;74.8716216216216;94.0402298850575;71.5939177101968;80.6176470588235;-8.46178095541379e-17;-1.34617599741928e-16;7.72375050096503e-17;1.35231222789665e-16;4.6053864912665e-17;-2.50288437802796e-16;5.69580003372988e-18;9.99405537456763e-17;-2.75190707299642e-16;3.14786107334209;7.06109970470819;5.75951527618921;2.18520928832959;6.61958010734373;2.91181973849957;Inf;3.53863241182494;2.28753624019585;-0.214517438247542;0.00447632675860082;0.487879600256324;0.427734349796828;0.513207608968021;0.372369749266164;0.510479678342488;0.359906010625584;0.421994514004739;0.5;0.666666666666667;0.533333333333333;0.125;0.428571428571429;0.6;0.363636363636364;0.75;0.384615384615385;0.909090909090909;0.916666666666667;0.714285714285714;1.95;2.68421052631579;2.5;2.5;1.66666666666667;2.85714285714286;1.75;2.28571428571429
